cost_code,description,csi_division,cost_type,unit,notes
01-010,Mobilization,01,Other,LS,"One-time; scales with duration and site constraints"
01-020,Temporary facilities,01,Other,LS,"Offices, toilets, drying rooms; duration-based"
01-030,Temporary utilities,01,Other,LS,"Power, water, data; metered or allowance"
01-040,Temporary protection,01,Other,SF,"Protect finished surfaces and openings"
01-050,Site security,01,Other,MO,"Guards, fencing, cameras, access control"
01-060,Project supervision,01,Labor,HR,"Foreman and superintendent time"
01-070,Project management,01,Other,HR,"PM, engineer, coordinator time"
01-080,Safety management and training,01,Other,HR,"Separate from physical safety items"
01-090,Submittals and samples,01,Other,EA,"Tracking, review cycles, physical samples"
01-100,Testing and inspection,01,Subcontract,LS,"By discipline; frequency drives cost"
01-110,Survey and layout,01,Subcontract,LS,"Building control, benchmarks, as-builts"
01-120,Final cleaning,01,Subcontract,SF,"Floor area basis"
01-130,Closeout documentation,01,Other,LS,"O&M, warranties, attic stock, training"
02-010,Selective demolition,02,Labor,SF,"Floor area; excludes abatement"
02-020,Structural demolition,02,Subcontract,CY,"Volume of demolished structure"
02-030,Hazardous material abatement,02,Subcontract,SF,"Separately contracted and certified"
02-040,Concrete saw cutting,02,Labor,LF,"Thickness drives rate"
02-050,Shoring and underpinning,02,Subcontract,LS,"Engineered scope"
02-060,Debris removal,02,Other,CY,"Disposal is a variable input; track by weight where possible"
03-010,Excavation for footings,03,Equipment,CY,"Bank measure"
03-020,Backfill and compact,03,Equipment,CY,"Compacted volume"
03-030,Formwork footings,03,Labor,SF,"Contact area"
03-040,Formwork walls,03,Labor,SF,"Contact area; includes hardware"
03-050,Formwork suspended slabs,03,Labor,SF,"Contact area; shoring included"
03-060,Reinforcing steel supply,03,Material,TON,"Fabricated and delivered"
03-070,Reinforcing steel placing,03,Labor,TON,"Installed weight"
03-080,Concrete footings,03,Subcontract,CY,"Supply and place; pump separate"
03-090,Concrete walls,03,Subcontract,CY,"Supply and place"
03-100,Concrete slab on grade,03,Subcontract,SF,"Thickness stated in description"
03-110,Concrete elevated slabs,03,Subcontract,SF,"Includes pump and finishing"
03-120,Concrete pumping,03,Equipment,HR,"Cost scales with volume and reach"
03-130,Concrete finishing,03,Labor,SF,"Flatness and finish class drive cost"
03-140,Curing and protection,03,Material,SF,"Method depends on season"
03-150,Post-tensioning,03,Subcontract,TON,"Specialist trade"
03-160,Granite and stone curbs,03,Material,LF,"Site concrete work item"
04-010,Masonry block walls,04,Subcontract,SF,"Wall face area"
04-020,Brick veneer,04,Subcontract,SF,"Elevation area"
04-030,Stone veneer,04,Subcontract,SF,"Elevation area"
04-040,Masonry reinforcement and anchors,04,Material,LF,"Joint reinforcement and ties"
04-050,Masonry grouting,04,Material,CY,"Cells and bond beams"
04-060,Masonry cleaning and sealing,04,Labor,SF,"Elevation area"
05-010,Structural steel supply,05,Material,TON,"Fabricated; mill orders are long-lead"
05-020,Structural steel erection,05,Subcontract,TON,"Erected weight"
05-030,Metal decking,05,Material,SF,"Deck area"
05-040,Miscellaneous metals,05,Subcontract,TON,"Ladders, bollards, embeds, frames"
05-050,Metal stairs and railings,05,Subcontract,LF,"Horizontal and vertical runs separated"
05-060,Steel painting and fireproofing,05,Subcontract,SF,"Surface area; intumescent is specialist"
06-010,Rough carpentry,06,Labor,SF,"Floor or wall area basis per assembly"
06-020,Wood framing,06,Subcontract,SF,"Framed area"
06-030,Sheathing,06,Material,SF,"Sheet area"
06-040,Finish carpentry,06,Subcontract,LF,"Trim, panelling, millwork installation"
06-050,Architectural millwork,06,Subcontract,LS,"Shop-fabricated casework"
06-060,Wood decking and cladding,06,Material,SF,"Exterior; finish included or separate"
07-010,Below-grade waterproofing,07,Subcontract,SF,"Treatment area"
07-020,Above-grade air barrier,07,Subcontract,SF,"Wall area; detailing overlooked in budgets"
07-030,Roof insulation,07,Material,SF,"R-value drives thickness and cost"
07-040,Roof membrane,07,Subcontract,SQ,"One square equals 100 square feet"
07-050,Flashing and sheet metal,07,Material,LF,"Coping, edging, penetrations"
07-060,Joint sealants,07,Material,LF,"Joint length; movement class stated"
07-070,Firestopping,07,Subcontract,EA,"Counted by penetration type"
07-080,Spray foam insulation,07,Subcontract,SF,"Thickness and density stated"
07-090,Batt insulation,07,Material,SF,"R-value stated"
08-010,Steel door frames,08,Material,EA,"Count by type"
08-020,Hollow metal doors,08,Material,EA,"Gauge and hardware prep"
08-030,Wood doors,08,Material,EA,"Interior; fire rating stated"
08-040,Door hardware sets,08,Material,EA,"Per set; keying and cylinders noted"
08-050,Glazed aluminium storefront,08,Subcontract,SF,"Elevation area"
08-060,Curtain wall,08,Subcontract,SF,"Elevation area; engineering included"
08-070,Glazing replacement and repair,08,Labor,EA,"Per unit"
08-080,Automatic door operators,08,Subcontract,EA,"Includes controls and safety sensors"
09-010,Metal stud framing,09,Labor,SF,"Wall face area"
09-020,Gypsum board hanging,09,Labor,SF,"Board area"
09-030,Gypsum board finishing,09,Labor,SF,"Level of finish drives cost materially"
09-040,Acoustic ceiling grid,09,Subcontract,SF,"Ceiling area"
09-050,Acoustic ceiling tile,09,Material,SF,"Ceiling area"
09-060,Resilient flooring,09,Subcontract,SF,"Installed area"
09-070,Tile and stone flooring,09,Subcontract,SF,"Pattern and format drive waste"
09-080,Carpet,09,Subcontract,SY,"Sold by the square yard in many markets"
09-090,Painting interior,09,Subcontract,SF,"Substrate area; coats stated"
09-100,Wall protection and corner guards,09,Material,LF,"Length or count depending on product"
09-110,Terrazzo and specialty floors,09,Subcontract,SF,"Specialist trade; long lead"
10-010,Toilet accessories,10,Material,EA,"Count by type"
10-020,Signage and wayfinding,10,Subcontract,EA,"Count by sign type"
10-030,Fire extinguishers and cabinets,10,Material,EA,"Count with type"
10-040,Wall and corner protection,10,Material,LF,"Same as protective wall items, keep one code"
10-050,Operable partitions,10,Subcontract,SF,"Panel area; track and hardware included"
10-060,Lockers and shelving,10,Subcontract,EA,"Count by unit"
12-010,Window treatments,12,Subcontract,SF,"Covering area"
12-020,Furniture and casegoods,12,Subcontract,LS,"Often owner-supplied, confirm responsibility"
14-010,Elevator equipment and installation,14,Subcontract,EA,"Per car; hoistway and power excluded"
14-020,Elevator cab finishes,14,Subcontract,EA,"Per car; schedule-driven"
14-030,Escalators,14,Subcontract,EA,"Per unit"
21-010,Fire sprinkler piping,21,Subcontract,LF,"Pipe length by diameter"
21-020,Sprinkler heads,21,Material,EA,"Count by type and temperature rating"
21-030,Fire pump and standpipe,21,Subcontract,EA,"Pump, controller, and piping"
21-040,Fire suppression special systems,21,Subcontract,LS,"Kitchen, data room, or other clean agent"
22-010,Sanitary drainage,22,Subcontract,LF,"Pipe length; excavation excluded"
22-020,Water distribution,22,Subcontract,LF,"Pipe length; insulation separate"
22-030,Plumbing fixtures,22,Material,EA,"Count by fixture type"
22-040,Plumbing fixture rough-in,22,Labor,EA,"Per fixture; carrier and venting included"
22-050,Domestic water heating,22,Subcontract,EA,"Type, capacity, and venting"
22-060,Gas piping,22,Subcontract,LF,"Pipe length; pressure testing included"
23-010,Ductwork,23,Subcontract,LB,"Sheet metal weight; insulation separate"
23-020,Duct insulation,23,Subcontract,SF,"Surface area"
23-030,Air handling units,23,Subcontract,EA,"Includes curbs and connections if stated"
23-040,Terminal units and diffusers,23,Material,EA,"Count by type"
23-050,Refrigerant piping,23,Subcontract,LF,"Pipe length by diameter"
23-060,HVAC controls and building automation,23,Subcontract,LS,"Point count drives cost"
23-070,Testing adjusting and balancing,23,Subcontract,LS,"Commissioning level drives scope"
26-010,Electrical service and switchgear,26,Subcontract,EA,"Count by equipment item"
26-020,Panelboards,26,Subcontract,EA,"Count by panel type"
26-030,Feeders and conduit,26,Labor,LF,"Length by size and method"
26-040,Branch wiring,26,Labor,EA,"Per device or per circuit"
26-050,Wiring devices,26,Material,EA,"Count by device type"
26-060,Lighting fixtures,26,Material,EA,"Count by fixture type"
26-070,Lighting control systems,26,Subcontract,LS,"Sensor and panel count drives cost"
26-080,Grounding and bonding,26,Subcontract,LS,"Lump sum where measurement impractical"
26-090,Photovoltaic rough-in,26,Labor,LS,"Conduit and raceways for future panels"
27-010,Structured cabling,27,Subcontract,EA,"Count by outlet"
27-020,Communications racks and equipment,27,Subcontract,EA,"Count by rack"
28-010,Fire alarm system,28,Subcontract,EA,"Count by device; panel separate"
28-020,Security and access control,28,Subcontract,EA,"Count by device"
28-030,CCTV and video systems,28,Subcontract,EA,"Count by camera"
31-010,Clearing and grubbing,31,Equipment,ACRE,"Plan area"
31-020,Bulk excavation,31,Equipment,CY,"Bank measure"
31-030,Rock excavation,31,Equipment,CY,"Bank measure; method stated"
31-040,Structural fill and compaction,31,Subcontract,CY,"Compacted in place"
31-050,Erosion and sediment control,31,Other,LS,"Duration and inspection frequency drive cost"
31-060,Dewatering,31,Other,MO,"Duration-based; permit conditions apply"
31-070,Soil treatment and termite control,31,Subcontract,SF,"Treated area"
32-010,Base course and subbase,32,Subcontract,TON,"Placed tons"
32-020,Asphalt paving,32,Subcontract,TON,"Placed tons; thickness stated"
32-030,Concrete paving,32,Subcontract,SY,"Paved area"
32-040,Curbs and gutters,32,Subcontract,LF,"Length"
32-050,Site concrete walks,32,Subcontract,SF,"Area"
32-060,Landscaping and planting,32,Subcontract,LS,"Allowance or by plant count"
32-070,Fencing and gates,32,Subcontract,LF,"Length by fence type"
33-010,Storm drainage,33,Subcontract,LF,"Pipe length by diameter"
33-020,Water mains,33,Subcontract,LF,"Pipe length; fittings and valves separate"
33-030,Sanitary sewer,33,Subcontract,LF,"Pipe length; manholes counted separately"
33-040,Manholes and structures,33,Subcontract,EA,"Count by depth and type"
33-050,Utility trenching,33,Equipment,CY,"Volume; bedding and backfill included or separate"
